<?xml version="1.0" encoding="UTF-8" standalone="yes"?>
<docCreatePersonIn xmlns="http://www.gamma.kz/webra/xsd" dateTime="2001-12-17T09:30:47Z">
     <person>
        <lastName>Connor</lastName>
        <firstName>McGrecor</firstName>
        <middleName>cvcbcveetsswd</middleName>
        <roleId>4</roleId>
        <birthDate>30.04.1990</birthDate>
        <idNumber></idNumber>
        <idIssuer>МВД РК</idIssuer>
        <idIssueDate>12.12.2012</idIssueDate>
        <iin>880403301427</iin>
        <st>Акмолинская область</st>
        <l>Астана</l>
        <phone>111</phone>
        <mobile>111</mobile>
        <email>email@email.com</email>
        <address>Адрес 12!Й"ЦЙ;ЦЕКВНАГП</address>
		<legalData>
            <orgName>Hollow Crown12122444cc</orgName>
            <directorSirname>ФИО руководящего лица</directorSirname>
            <directorPosition>Исполнительный директор</directorPosition>
            <noResident>true</noResident>
            <country>SM</country>
            <bin>170541677914</bin>
            <vatin></vatin>
            <iin></iin>
            <phone></phone>
            <address>Юридический адрес12312</address>
			<bik></bik>
			<account></account>
        </legalData>
        <noResident>true</noResident>
        <citizenship>AU</citizenship>
        <ip>false</ip>
        <bik>KSNVKZKA</bik>
        <account>KZ45920RKAC008467926</account>
        <isCUser>false</isCUser>
        <generatePass>false</generatePass>
        <requestCertEmail>false</requestCertEmail>
    </person>
    <login>testWS-25125700412ss1</login>
    <password>1q2w#E$R</password>
</docCreatePersonIn>