<?xml version="1.0" encoding="UTF-8" standalone="yes"?>
<docCreatePersonIn xmlns="http://www.gamma.kz/webra/xsd" dateTime="2001-12-17T09:30:47Z">
    <person>
        <lastName>Конор</lastName>
        <firstName>МакГрегwwоb</firstName>
        <middleName>dfs</middleName>
        <roleId>4</roleId>
        <birthDate></birthDate>
        <idNumber></idNumber>
        <idIssuer>МВД РК</idIssuer>
        <idIssueDate>12.12.2012</idIssueDate>
        <iin>880403301427</iin>
        <st>Акмолинская область</st>
        <l>Астана</l>
        <phone>2222</phone>
        <mobile>122211</mobile>
        <email>conor1@gmail.com</email>
        <address>Адрес 12!Й"ЦЙ;ЦЕКВНАГП</address>
        <noResident>true</noResident>
        <citizenship>AU</citizenship>
        <ip>false</ip>
        <bik></bik>
        <account></account>
        <isCUser>false</isCUser>
        <generatePass>false</generatePass>
        <requestCertEmail>true</requestCertEmail>
    </person>
    <login>testWS-2512992000105</login>
    <password>1q2w#E$R</password>
</docCreatePersonIn>
