<?xml version="1.0" encoding="UTF-8" standalone="yes"?>
<docUpdatePersonIn xmlns="http://www.gamma.kz/webra/xsd">
    <personId>82171</personId>
    <person>
        <lastName>Конор</lastName>
        <firstName>МакГрегор ddddd</firstName>
        <middleName>bbbссс</middleName>
        <roleId>4</roleId>
        <birthDate></birthDate>
        <idNumber></idNumber>
        <idIssuer>МВД РК</idIssuer>
        <idIssueDate>12.12.2012</idIssueDate>
        <iin>880403301427</iin>
        <st>Акмолинская область</st>
        <l>Астана</l>
        <phone>111</phone>
        <mobile>111</mobile>
        <email>conor1@gmail.com</email>
        <address>Адрес 12!Й"ЦЙ;ЦЕКВНАГП</address>
        <noResident>true</noResident>
        <citizenship>AU</citizenship>
        <ip>false</ip>
        <bik></bik>
        <account></account>
        <isCUser>false</isCUser>
        <generatePass>false</generatePass>
        <requestCertEmail>false</requestCertEmail>
    </person>
</docUpdatePersonIn>